1,x1,x1^2,x1^3,x1^4,x1^5,x1^6,y
0.0,-1.7500226047679233,-1.600842787513591,-1.4644655608323072,-1.3414239354347115,-1.231666162695986,-1.134653479814146,0.009195068571428568
0.0,-1.7450387027847154,-1.5970994274914998,-1.4616982638469167,-1.339408700208451,-1.230219009830411,-1.1336275850489546,-0.25207676964285713
0.0,-1.7400548008015075,-1.593352557520958,-1.458925774936246,-1.3373877909312775,-1.228766421656084,-1.1325968716240276,-0.028840297857142858
0.0,-1.730086996835092,-1.5858482877345244,-1.4533652018754262,-1.3333289076522086,-1.2258448781670903,-1.1305209163851544,0.1607053507142857
0.0,-1.7251030948518842,-1.582090887918632,-1.4505771079934584,-1.3312909123394019,-1.2243758921736765,-1.1294756382389937,0.283055485
0.0,-1.7201191928686763,-1.5783299781542899,-1.447783802722573,-1.3292472003538598,-1.2229014095139623,-1.1284254687684767,0.37395860428571426
0.0,-1.7151352908854685,-1.5745655584414973,-1.4449852811968604,-1.3271977610152077,-1.2214214147767468,-1.1273703896797582,0.5040824610714285
0.0,-1.7101513889022606,-1.5707976287802548,-1.4421815385504115,-1.325142583633103,-1.2199358925220511,-1.1263103826277265,0.9818813653571428
0.0,-1.7051674869190527,-1.5670261891705621,-1.4393725699173168,-1.3230816575072353,-1.2184448272810893,-1.1252454292159058,0.9457181971428572
0.0,-1.7001835849358449,-1.5632512396124192,-1.4365583704316667,-1.3210149719273265,-1.216948203556243,-1.124175510996362,1.1933552864285715
0.0,-1.6802479770030136,-1.5481163418953459,-1.4252491666453289,-1.3126904205128551,-1.2109058128550008,-1.1198458192758574,0.8417054385714285
0.0,-1.6752640750198058,-1.5443238425949521,-1.4224087399082626,-1.3105947766597037,-1.2093811632354334,-1.1187507984909228,1.0533065803571429
0.0,-1.670280173036598,-1.5405278333461085,-1.4195630531231855,-1.3084933088815223,-1.2078508615392811,-1.1176507011246564,0.8674980921428571
0.0,-1.6603123690701818,-1.53292528500307,-1.4138558799453596,-1.304272858419895,-1.2047732390873758,-1.1154352013525637,0.8390154982142857
0.0,-1.655328467086974,-1.5291187459088755,-1.4109943838207926,-1.3021538541464428,-1.203225886844055,-1.1143197611682896,1.6702343875
0.0,-1.650344565103766,-1.5253086968662313,-1.4081276081845768,-1.3000289827679474,-1.2016728195489594,-1.1131991688455938,1.1854058067857143
0.0,-1.6353928591541425,-1.5138574900475967,-1.399495555546944,-1.2936190577531397,-1.1969791690417158,-1.1098062885805458,1.5893337471428572
0.0,-1.6304089571709346,-1.5100334012111518,-1.3966076132050398,-1.2914706096555706,-1.1954030830823317,-1.1086648969742705,1.8732394989285712
0.0,-1.6254250551877267,-1.5062058024262563,-1.3937143670219405,-1.2893162402536689,-1.1938212026966024,-1.107518257600825,1.1231508582142857
0.0,-1.620441153204519,-1.5023746936929112,-1.3908158121317364,-1.287155938677674,-1.1922335119219343,-1.1063663511758384,1.4211811025
0.0,-1.6104733492381034,-1.4947019463808697,-1.3850027567663759,-1.2828174954745228,-1.189040635208935,-1.1040466597681577,1.4480389860714287
0.0,-1.6054894472548955,-1.490860307802174,-1.3820882465594013,-1.280639332058006,-1.1874354171988637,-1.1028788359508295,1.666332177857143
0.0,-1.6005055452716876,-1.4870151592750278,-1.3791684081816842,-1.2784551928886756,-1.1858243246563192,-1.1017056674124968,1.2612273596428571
0.0,-1.590537741305272,-1.4793143323753855,-1.3733127274503865,-1.2740689436032087,-1.1825844515071569,-1.099343217915835,2.0363917957142856
0.0,-1.585553839322064,-1.475458654002889,-1.3703768753649863,-1.2718668116179703,-1.1809556385936262,-1.098153897694946,1.99432129
0.0,-1.5706021333724407,-1.4638705591946986,-1.3615372138388722,-1.2652242548683044,-1.1760335000367435,-1.0945533184372205,1.9858758578571432
0.0,-1.5556504274228171,-1.4522508748504568,-1.3526492922237887,-1.2585272264648582,-1.1710574700542313,-1.0909033945028888,2.288140935714286
0.0,-1.5506665254396093,-1.4483706268388092,-1.349675904513635,-1.2562827275447588,-1.1693867413113122,-1.0896756945834345,1.9781066724999998
0.0,-1.5406987214731938,-1.4405996009701634,-1.3437129791401834,-1.2517754294254293,-1.1660271073183088,-1.0872035863671965,2.3207912785714284
0.0,-1.535714819489986,-1.4367088231131655,-1.3407234317450665,-1.2495126081577435,-1.1643381691696235,-1.085959137724311,2.604307580357143
0.0,-1.530730917506778,-1.4328145353077173,-1.3377284880564764,-1.247243657355794,-1.1626431282708567,-1.0847090657362985,2.767478952142857
0.0,-1.5257470155235702,-1.4289167375538188,-1.3347281432085039,-1.2449685659604335,-1.1609419680983302,-1.0834533500931383,2.3957586364285715
0.0,-1.5207631135403623,-1.4250154298514703,-1.3317223923352395,-1.2426873229025477,-1.1592346720985665,-1.0821919704298424,2.436146865714286
0.0,-1.5157792115571544,-1.4211106122006718,-1.3287112305707738,-1.2403999171030544,-1.1575212236882624,-1.0809249063263582,2.575142645
0.0,-1.5107953095739466,-1.417202284601423,-1.3256946530491978,-1.2381063374729036,-1.1558016062542613,-1.079652137307469,2.464748936785714
0.0,-1.5058114075907387,-1.413290447053724,-1.3226726549046015,-1.2358065729130772,-1.1540758031535274,-1.0783736428426938,3.0720823510714284
0.0,-1.5008275056075304,-1.4093750995575742,-1.3196452312710754,-1.23350061231459,-1.1523437977131177,-1.077089402346189,2.696966015357143
0.0,-1.4958436036243226,-1.405456242112975,-1.3166123772827114,-1.231188444558489,-1.150605573230156,-1.075799395176648,2.970938539642857
0.0,-1.4908597016411147,-1.4015338747199255,-1.313574088073599,-1.228870058515854,-1.1488611129718065,-1.074503600637203,2.8885649264285713
0.0,-1.4858757996579068,-1.397607997378426,-1.3105303587778299,-1.226545443047796,-1.147110400175245,-1.0732019979753238,3.1875164382142858
0.0,-1.480891897674699,-1.3936786100884762,-1.3074811845294936,-1.224214587005459,-1.145353418047634,-1.071894566382719,2.8203372425
0.0,-1.4709240937082833,-1.385809305663226,-1.3013664817114838,-1.2195341085526854,-1.1418205784776816,-1.0692621328927627,3.1009867860714286
0.0,-1.465940191725076,-1.3818693885279263,-1.298300943409992,-1.2171844637946985,-1.1400446872993542,-1.0679370890991238,2.727365350357143
0.0,-1.4609562897418678,-1.3779259614441755,-1.2952299406922951,-1.2148285337673306,-1.1382624593179487,-1.0666061325819831,3.146554239642857
0.0,-1.450988485775452,-1.3700285774313241,-1.2890715225446523,-1.2100977730997091,-1.134678925142492,-1.063926396966451,3.0694652907142856
0.0,-1.4460045837922448,-1.366074620502224,-1.285984097382888,-1.2077229200321633,-1.1328775849712678,-1.0625775755216815,2.9890221375
0.0,-1.4410206818090363,-1.3621171536246726,-1.2828911883412812,-1.2053417368406525,-1.1310698400425672,-1.061222756660454,3.099830936785714
0.0,-1.4310528778426206,-1.35419169002422,-1.2766888991549061,-1.2005603351215093,-1.1274350676257696,-1.0584950413732825,2.9807694753571425
0.0,-1.4260689758594134,-1.3502236933013188,-1.273579509278319,-1.1981600940868433,-1.125608005918455,-1.057122102147659,3.307506857142857
0.0,-1.421085073876205,-1.3462521866299666,-1.2704646160582527,-1.1957534779141452,-1.1237744710151754,-1.0557430799060148,2.9852566289285716
0.0,-1.4111172699097894,-1.3382986434419128,-1.2642183001240463,-1.190921075030943,-1.1200879128484826,-1.0529667001482905,3.274145035
0.0,-1.4061333679265808,-1.3343166069252106,-1.2610868676780869,-1.188495265733663,-1.118234855122947,-1.051569299376004,3.2184270292857144
0.0,-1.4011494659433736,-1.330331060460059,-1.257949912425012,-1.1860630361248021,-1.116375255277151,-1.0501657290750839,3.8419246935714284
0.0,-1.3961655639601651,-1.3263420040464555,-1.2548074294989102,-1.1836243748860518,-1.11450909600391,-1.0487559674739533,2.966268882857143
0.0,-1.391181661976958,-1.3223494376844038,-1.2516594140338748,-1.1811792706891393,-1.1126363599655444,-1.0473399927434666,3.4680932196428573
0.0,-1.3861977599937496,-1.3183533613739005,-1.2485058611639936,-1.1787277121958213,-1.1107570297938498,-1.0459177829968034,3.1839646039285716
0.0,-1.3812138580105424,-1.314353775114948,-1.2453467660233597,-1.1762696880578887,-1.1088710880900712,-1.0444893162893698,3.176190863214286
0.0,-1.376229956027334,-1.3103506789075448,-1.2421821237460617,-1.173805186917163,-1.106978517424875,-1.0430545706186958,3.524498355
0.0,-1.3712460540441267,-1.306344072751692,-1.239011929466192,-1.1713341974055005,-1.1050793003383244,-1.0416135239243354,4.106652494285714
0.0,-1.3562943480945024,-1.2943031945934305,-1.2294679859520534,-1.1638821848139191,-1.0993415954915333,-1.0372523562228584,3.4631304996428574
0.0,-1.3513104461112952,-1.2902825486437777,-1.2262755350028005,-1.1613851279377008,-1.0974156175071557,-1.0357858836661646,4.157738571428571
0.0,-1.346326544128087,-1.286258392745673,-1.2230775077214273,-1.1588815257003031,-1.0954829053417254,-1.0343129989103204,3.6084568657142855
0.0,-1.3363587401616712,-1.2781995511041144,-1.216664704698687,-1.153854639420199,-1.091597207860402,-1.0313479031006834,3.3654048842857147
0.0,-1.331374838178464,-1.2741648653606603,-1.2134499192255006,-1.1513313324916872,-1.0896441871638458,-1.0298556470498088,3.5764745560714286
0.0,-1.3263909361952555,-1.2701266696687556,-1.2102295379565575,-1.148801434430385,-1.087684361524859,-1.0283568888054162,4.1564547578571425
0.0,-1.3114392302456326,-1.2579910229023412,-1.2005347707160945,-1.1411720787216795,-1.0817638771241866,-1.023821374157188,3.3765060807142855
0.0,-1.3064553282624243,-1.2539387874166354,-1.1972919576050307,-1.1386157013513196,-1.0797766537317415,-1.02229638008886,3.73173473
0.0,-1.301471426279217,-1.2498830419824802,-1.1940435243686642,-1.1360526754093834,-1.0777825362502973,-1.0207647700058027,4.085712419285715
0.0,-1.2964875242960086,-1.2458237865998745,-1.1907894661410843,-1.133482989378209,-1.075781506757625,-1.0192265209656448,3.7467069510714284
0.0,-1.2915036223128014,-1.2417610212688193,-1.187529778056383,-1.1309066317301695,-1.0737735473004626,-1.0176816099664008,3.6662612953571427
0.0,-1.2865197203295928,-1.2376947459893128,-1.1842644552486492,-1.128323590927668,-1.0717586398944863,-1.0161300139463636,3.8606497746428574
0.0,-1.2815358183463856,-1.2336249607613576,-1.1809934928519759,-1.1257338554231422,-1.0697367665242852,-1.014571709784005,3.6804091939285715
0.0,-1.2665841123967616,-1.2213945453867878,-1.1711467194692147,-1.1179243650722628,-1.0636291700073357,-1.0098563163281946,4.021259049285715
0.0,-1.2566163084303459,-1.2132233853948244,-1.164553916727665,-1.1126843525076746,-1.0595222774909743,-1.0066787533832429,3.9092926403571426
0.0,-1.2516324064471387,-1.209132540476168,-1.16124901461325,-1.1100542057339744,-1.0574582282674831,-1.0050797114517336,3.788624654642857
0.0,-1.2466485044639302,-1.2050381856090604,-1.1579384388485277,-1.1074172831462088,-1.0553870860991728,-1.0034737978434671,4.071826083928571
0.0,-1.241664602480723,-1.2009403207935039,-1.1546221845675908,-1.1047735731170742,-1.0533088327209637,-1.0018609889546048,3.5400867482142857
0.0,-1.2366807004975144,-1.1968389460294957,-1.1513002469045275,-1.1021230640092963,-1.0512234498364441,-1.0002412611205491,4.282110702500001
0.0,-1.2316967985143061,-1.1927340613170376,-1.1479726209934302,-1.0994657441756355,-1.0491309191178493,-0.9986145906158439,3.861999661785714
0.0,-1.226712896531099,-1.1886256666561306,-1.14463930196839,-1.0968016019588844,-1.0470312222060294,-0.9969809536540681,3.1637575160714286
0.0,-1.2217289945478915,-1.184513762046773,-1.1413002849634966,-1.0941306256918668,-1.0449243407104254,-0.9953403263877311,3.7032245478571433
0.0,-1.2167450925646832,-1.1803983474889645,-1.1379555651128401,-1.0914528036974382,-1.0428102562090398,-0.9936926849081681,3.8174664071428572
0.0,-1.2067772885982675,-1.1721569885279983,-1.1312489974106033,-1.08607657576794,-1.0385604043435965,-0.9903762633682158,3.8999179107142856
0.0,-1.1918255826486435,-1.1597686254731716,-1.121146252866295,-1.0779605984163887,-1.03213114164157,-0.9853484232134108,3.687179131071429
0.0,-1.1818577786822277,-1.1514921670277034,-1.1143824377405125,-1.0725153863956973,-1.0278084264756537,-0.9819607753583753,3.7370492396428574
0.0,-1.1768738766990205,-1.1473486728822948,-1.1109919199510203,-1.0697823770087034,-1.0256360509548763,-0.9802561520857512,3.4349037539285714
0.0,-1.1669060727326048,-1.1390511547461255,-1.104193639589286,-1.0642954926471542,-1.0212691705069756,-0.9768251845304852,3.9561109524999996
0.0,-1.1619221707493963,-1.1348971307553652,-1.1007858672852253,-1.0615415941089907,-1.0190746280724379,-0.9750987911331898,4.035616626785714
0.0,-1.156938268766189,-1.130739596816156,-1.0973723337444907,-1.0587807089402175,-1.0168726591063189,-0.9733650918090319,3.5836315535714287
0.0,-1.1519543667829808,-1.1265785529284953,-1.0939530341011712,-1.0560128253341092,-1.0146632447754995,-0.9716240618445467,4.186894210357143
0.0,-1.1469704647997734,-1.1224139990923856,-1.0905279634893592,-1.0532379314739766,-1.01244636621505,-0.9698756764636265,3.9843513946428573
0.0,-1.141986562816565,-1.1182459353078247,-1.0870971170431434,-1.05045601553316,-1.0102220045281984,-0.968119910827411,3.609365878928571
0.0,-1.1370026608333579,-1.1140743615748143,-1.0836604898966167,-1.0476670656750335,-1.0079901407863094,-0.9663567400341846,3.806659930714286
0.0,-1.1320187588501494,-1.1098992778933534,-1.0802180771838674,-1.0448710700530026,-1.005750756028852,-0.964586139119268,3.72263461
0.0,-1.1220509548837336,-1.1015385806850817,-1.0733158755960681,-1.0392578940810135,-1.001249347465486,-0.9610225467502016,3.7576860385714284
0.0,-1.1170670529005264,-1.097352967158271,-1.0698560769891992,-1.0364406899880292,-0.9989872855788094,-0.9592295050509267,4.057029505357143
0.0,-1.1120831509173181,-1.0931638436830093,-1.0663904733524707,-1.033616392645087,-0.996717626514975,-0.9574289327394989,3.9547119521428575
0.0,-1.1070992489341107,-1.0889712102592979,-1.0629190598199745,-1.0307849901557553,-0.9944403511535846,-0.955620804534835,3.683408623928571
0.0,-1.1021153469509024,-1.0847750668871359,-1.0594418315258003,-1.027946470613633,-0.9921554403421845,-0.9538050950922501,3.7310966957142853
0.0,-1.0971314449676952,-1.0805754135665249,-1.05595878360404,-1.0251008221023536,-0.9898628748962411,-0.951981779003354,3.5127816775
0.0,-1.0871636410012795,-1.0721655770799507,-1.04897520941412,-1.0193880904570103,-0.985254703202018,-0.9483122249338899,3.347358826071429
0.0,-1.082179739018071,-1.067955393913988,-1.045474673414142,-1.0165209834403723,-0.9829390584240224,-0.946465935817046,3.573408767857143
0.0,-1.0722119350516552,-1.0595244977367126,-1.038456079274604,-1.0107652272379717,-0.9782845544406004,-0.9427502050976012,3.5897349139285715
0.0,-1.0622441310852397,-1.0510795617656372,-1.0314140898428938,-1.0049806683188571,-0.9735989687570802,-0.9390034325517903,3.6432624975
0.0,-1.0472924251356168,-1.0383858331956481,-1.0208071543690926,-0.996249614958042,-0.9665119719475747,-0.9333246169571395,3.4753895378571427
0.0,-1.0423085231524083,-1.0341475704420842,-1.0172597693938579,-0.9933247584549869,-0.9641339301403015,-0.9314159324779413,3.878949102142857
0.0,-1.0373246211692,-1.02990579774007,-1.0137065064001238,-0.9903926292088798,-0.961748000971971,-0.9294993314436999,3.5188116614285714
0.0,-1.0323407191859926,-1.0256605150896065,-1.010147360521982,-0.9874532151737738,-0.9593541648385515,-0.927574787608098,3.8853884882142857
0.0,-1.0273568172027843,-1.0214117224906922,-1.006582326893522,-0.9845065042937521,-0.9569524021035525,-0.9256422746596092,3.4572908075
0.0,-1.022372915219577,-1.0171594199433287,-1.003011400648835,-0.9815524845029329,-0.9545426930980022,-0.9237017662213923,3.3034241117857146
0.0,-1.0173890132363685,-1.012903607447514,-0.9994345769220109,-0.9785911437254636,-0.9521250181204154,-0.9217532358511805,3.910839781071428
0.0,-1.0124051112531613,-1.0086442850032498,-0.9958518508471417,-0.9756224698755275,-0.9496993574367719,-0.9197966570411764,3.051328980357143
0.0,-1.0074212092699528,-1.004381452610535,-0.9922632175583164,-0.9726464508573368,-0.9472656912804853,-0.9178320032179406,3.475390997142857
0.0,-1.0024373072867456,-1.0001151102693704,-0.988668672189627,-0.9696630745651389,-0.944823999852379,-0.9158592477422867,3.101030223928571
0.0,-0.9974534053035372,-0.995845257979755,-0.9850682098751629,-0.966672328883211,-0.9423742633206575,-0.9138783639091697,3.618933455714285
0.0,-0.99246950332033,-0.9915718957416907,-0.9814618257490163,-0.9636742016858652,-0.9399164618208821,-0.9118893249475805,3.406167775
0.0,-0.9874856013371215,-0.9872950235551747,-0.977849514945276,-0.960668680837443,-0.9374505754559392,-0.9098921040204343,3.1635569792857146
0.0,-0.9825016993539143,-0.98301464142021,-0.9742312725980349,-0.9576557541923215,-0.9349765842960207,-0.9078866742244662,3.1509969685714285
0.0,-0.9775177973707059,-0.978730749336794,-0.9706070938413812,-0.9546354095949067,-0.9324944683785888,-0.905873008590117,3.441859977857143
0.0,-0.962566091421083,-0.9658580133958469,-0.9596988904558601,-0.9455297463834699,-0.9249991719644165,-0.8997823259645538,3.2427303032142856
0.0,-0.9575821894378745,-0.9615600815186303,-0.9560509174024672,-0.9424796082216078,-0.922484356736128,-0.8977354459514673,3.301488305
0.0,-0.9476143854714588,-0.9529536879188476,-0.9487370842128987,-0.936356883043178,-0.9174300309340616,-0.8936165435026475,3.1075643610714287
0.0,-0.9426304834882516,-0.9486452261962812,-0.9450712143449039,-0.9332842715858454,-0.9148904800084653,-0.891544466260671,2.741517222857143
0.0,-0.9376465815050432,-0.944333254525264,-0.9413993691402224,-0.9302041445726442,-0.9123426434437318,-0.8894639350242863,2.8437333046428575
0.0,-0.932662679521836,-0.9400177729057975,-0.9377215437329458,-0.9271164897582745,-0.9097865009815893,-0.8873749222224077,3.3043431064285715
0.0,-0.9276787775386275,-0.9356987813378798,-0.9340377332571637,-0.9240212948874656,-0.9072220323307698,-0.8852774002165633,3.198476945714286
0.0,-0.9226948755554203,-0.9313762798215132,-0.9303479328469682,-0.9209185476949823,-0.904649217166987,-0.8831713413007907,2.8713972675
0.0,-0.9177109735722119,-0.9270502683566954,-0.9266521376364479,-0.9178082359056182,-0.9020680351329042,-0.8810567177015217,2.658013996785714
0.0,-0.9127270715890047,-0.9227207469434283,-0.9229503427596957,-0.9146903472342028,-0.8994784658381128,-0.8789335015774781,2.940274233571428
0.0,-0.9077431696057962,-0.91838771558171,-0.9192425433507999,-0.9115648693855943,-0.8968804888591007,-0.8768016650195565,3.2297737328571428
0.0,-0.8977753656393805,-0.9097111230129243,-0.9118089114729454,-0.9052910969264044,-0.8916592299887053,-0.8725120186258979,2.8763876389285716
0.0,-0.8927914636561733,-0.9053675618058566,-0.9080830692721674,-0.9021427776757043,-0.8890359070845518,-0.8703541526318511,2.765959803214286
0.0,-0.8878075616729648,-0.9010204906503377,-0.9043512030756089,-0.898986819967575,-0.8864040944705835,-0.8681875538870866,2.98276165
0.0,-0.8778397577065492,-0.8923158184939505,-0.896869379231516,-0.8926519397891503,-0.8811149177222621,-0.8638280450774463,2.8617295885714285
0.0,-0.8678719537401335,-0.8835971065437626,-0.8893634010133916,-0.886286357511691,-0.8757915346290698,-0.8594332653755481,1.928377579642857
0.0,-0.8628880517569251,-0.8792324856459932,-0.8856013418492941,-0.88309202214239,-0.8731169639590776,-0.8572225777578145,2.4296668139285718
0.0,-0.8579041497737179,-0.8748643547997741,-0.881833229493961,-0.8798899740962756,-0.8704337795432778,-0.8550029868606701,2.866882978214286
0.0,-0.8529202477905093,-0.8704927140051042,-0.8780590590814822,-0.8766802009685621,-0.8677419605922722,-0.8527744640216776,2.4651783725
0.0,-0.8479363458073021,-0.866117563261985,-0.8742788257459495,-0.8734626903444987,-0.8650414862832412,-0.8505369805092517,2.3239337392857147
0.0,-0.8429524438240937,-0.8617389025704151,-0.8704925246214521,-0.8702374297993644,-0.8623323357599126,-0.8482905075225456,1.9453342735714283
0.0,-0.8379685418408865,-0.8573567319303953,-0.866700150842082,-0.8670044068984728,-0.8596144881325397,-0.8460350161913418,2.273874697857143
0.0,-0.832984639857678,-0.8529710513419249,-0.8629016995419286,-0.8637636091971673,-0.8568879224778692,-0.8437704775759386,2.193781227142857
0.0,-0.8280007378744708,-0.8485818608050051,-0.859097165855084,-0.8605150242408267,-0.8541526178391192,-0.841496862667041,2.215060418928571
0.0,-0.8180329339080552,-0.8397929498858142,-0.8514698318576804,-0.8539944426947069,-0.8486557076144313,-0.8369222875829382,2.2503395800000003
0.0,-0.8130490319248467,-0.8353932295035431,-0.8476470218153028,-0.8507224211458434,-0.8458940599470318,-0.834621269040166,2.5957969942857146
0.0,-0.8080651299416395,-0.8309899991728227,-0.8438181099225965,-0.8474425624237764,-0.8431235891325757,-0.8323110574685423,1.8605994160714285
0.0,-0.8030812279584311,-0.8265832588936511,-0.8399830913136506,-0.8441548540240429,-0.8403442740462218,-0.8299916235091243,1.849710035357143
0.0,-0.7980973259752239,-0.8221730086660306,-0.8361419611225576,-0.8408592834322155,-0.8375560935294399,-0.8276629377327069,1.920481514642857
0.0,-0.7931134239920153,-0.817759248489959,-0.832294714483406,-0.837555838123896,-0.834759026389978,-0.825324970639706,2.1593471464285714
0.0,-0.7881295220088081,-0.813341978365438,-0.8284413465302886,-0.8342445055647214,-0.8319530514018412,-0.8229776926600506,2.6820879032142857
0.0,-0.7831456200255997,-0.8089211982924658,-0.8245818523972939,-0.8309252732103584,-0.8291381473052597,-0.820621074153067,2.4533533724999996
0.0,-0.7781617180423925,-0.8044969082710447,-0.8207162272185148,-0.8275981285065087,-0.826314292806667,-0.8182550854073702,1.9887612867857147
0.0,-0.773177816059184,-0.800069108301172,-0.8168444661280394,-0.8242630588889029,-0.8234814665786673,-0.815879696640747,1.861342723571429
0.0,-0.7681939140759768,-0.7956377983828503,-0.8129665642599609,-0.8209200517833082,-0.8206396472600154,-0.8134948780000492,2.344958087857143
0.0,-0.7632100120927684,-0.7912029785160775,-0.809082516748368,-0.8175690946055195,-0.8177888134555825,-0.8111005995610744,2.079095777142857
0.0,-0.7582261101095612,-0.7867646487008558,-0.805192318727353,-0.8142101747613686,-0.8149289437363371,-0.8086968313284605,1.8708832764285712
0.0,-0.7532422081263527,-0.782322808937183,-0.8012959653310048,-0.8108432796467153,-0.81206001663931,-0.8062835432355661,1.9397870707142857
0.0,-0.7432744041599371,-0.7734285995644873,-0.7934847729486749,-0.8040855131395139,-0.8062949042902177,-0.801428286845321,1.871029684285714
0.0,-0.7382905021767299,-0.7689762299554646,-0.7895699242308744,-0.8006946164888509,-0.8033986759423087,-0.7989862580572941,1.9226361860714283
0.0,-0.7333066001935213,-0.764520350397991,-0.7856489006741034,-0.7972956940514562,-0.8004933040248775,-0.7965345884274085,2.042031395357143
0.0,-0.7283226982103129,-0.7600609608920669,-0.7817216974124529,-0.7938887331733537,-0.7975787669048874,-0.7940732475309503,1.6866310121428574
0.0,-0.7233387962271057,-0.7555980614376943,-0.7777883095800154,-0.7904737211906004,-0.794655042915207,-0.7916022048712517,1.2911166289285716
0.0,-0.7183548942438985,-0.7511316520348709,-0.7738487323108797,-0.7870506454292829,-0.7917221103545821,-0.789121429879575,1.768272235714286
0.0,-0.71337099226069,-0.7466617326835968,-0.7699029607391361,-0.7836194932055213,-0.7887799474876102,-0.7866308919150027,2.0555706525
0.0,-0.7083870902774816,-0.742188303383872,-0.7659509899988758,-0.7801802518254689,-0.7858285325447149,-0.7841305602643228,1.6832701192857142
0.0,-0.7034031882942744,-0.7377113641356988,-0.7619928152241912,-0.7767329085853115,-0.7828678437221179,-0.7816204041419155,1.8697765660714285
0.0,-0.6984192863110671,-0.7332309149390748,-0.7580284315491707,-0.7732774507712652,-0.7798978591818105,-0.7791003926896374,1.5443000053571425
0.0,-0.6934353843278587,-0.7287469557939996,-0.7540578341079046,-0.7698138656595792,-0.7769185570515288,-0.7765704949767096,1.4298000971428568
0.0,-0.6884514823446503,-0.7242594867004747,-0.750081018034485,-0.7663421405165364,-0.7739299154247273,-0.7740306799996047,1.746763918928572
0.0,-0.6784836783782345,-0.7152740186680748,-0.7421087105275473,-0.7593742191516694,-0.7679245258838074,-0.7689211738743189,1.8060562675
0.0,-0.6734997763950273,-0.7107760197292006,-0.7381132093622107,-0.755877997412571,-0.7649077339849429,-0.7663514203543069,1.813386101785714
0.0,-0.6685158744118189,-0.706274510841875,-0.7341114701010819,-0.7523735846075654,-0.7618815146200112,-0.7637716248262263,1.4526124960714286
0.0,-0.6635319724286117,-0.7017694920061001,-0.7301034878782531,-0.7488609679530979,-0.7588458457106524,-0.76118175592109,1.5610901878571428
0.0,-0.6585480704454032,-0.697260963221874,-0.7260892578278134,-0.7453401346556427,-0.7558007051440603,-0.758581782196474,1.7471842071428574
0.0,-0.653564168462196,-0.6927489244891986,-0.722068775083855,-0.7418110719117094,-0.7527460707729604,-0.7559716721364063,1.8635008589285713
0.0,-0.6485802664789876,-0.6882333758080724,-0.7180420347804675,-0.7382737669078373,-0.7496819204155789,-0.7533513941512493,1.3815077532142854
0.0,-0.6435963644957804,-0.683714317178497,-0.7140090320517426,-0.7347282068206002,-0.7466082318556201,-0.7507209165775883,1.3425831175
0.0,-0.6186768545797405,-0.661066374803864,-0.6937499117212156,-0.7168761306162375,-0.7310959360266875,-0.7374144214831861,1.3210935064285714
0.0,-0.6136929525965333,-0.6565262564835879,-0.6896792322563657,-0.7132807701786446,-0.72796454977229,-0.7347220773006862,1.0465107882142857
0.0,-0.6037251486301176,-0.6474354899976833,-0.6815189790006445,-0.7060650010209347,-0.7216726707132737,-0.7293060867542825,1.2444698992857144
0.0,-0.5987412466469092,-0.6428848418320554,-0.6774293954779547,-0.7024445664845125,-0.7185121328869759,-0.7265823757999925,1.3469513810714286
0.0,-0.593757344663702,-0.6383306837179782,-0.673333500870834,-0.6988157480822303,-0.7153418327903971,-0.7238481445399133,1.490484122857143
0.0,-0.5887734426804936,-0.6337730156554502,-0.6692312903133717,-0.695178532881015,-0.7121617478257013,-0.7211033604914656,1.701618187142857
0.0,-0.5738217367308694,-0.6200789517771655,-0.6568867142798456,-0.6842163770035415,-0.7025625572217169,-0.7128053656620141,1.6560487299999997
0.0,-0.5688378347476623,-0.6155072439208376,-0.6527591912619264,-0.6805454450765254,-0.6993431061088836,-0.7100180441293397,1.4731142367857142
0.0,-0.563853932764455,-0.6109320261160596,-0.6486253279641198,-0.6768660515357028,-0.6961137566155307,-0.7072200062656592,1.2796521635714284
0.0,-0.5588700307812465,-0.6063532983628305,-0.6444851195205148,-0.6731781833881945,-0.6928744859343418,-0.7044112191356822,1.592321302857143
0.0,-0.5489022268148309,-0.5971853130110228,-0.6361856477322775,-0.665776971251775,-0.6863660896041367,-0.6987612649562723,1.2053960014285714
0.0,-0.5439183248316236,-0.5925960554124444,-0.6320263746558261,-0.6620636012272698,-0.6830969181653463,-0.6959200316565012,1.093146258214286
0.0,-0.5289666188819996,-0.5788072229260054,-0.6195103483062254,-0.6508722789056806,-0.6732292352787291,-0.6873309078145208,1.1885872235714285
0.0,-0.5189988149155839,-0.5695971181927959,-0.6111344428138613,-0.6433685899328028,-0.6666004092801467,-0.6815499711872842,0.7181625321428569
0.0,-0.5140149129323754,-0.5649868009035154,-0.6069369090921615,-0.6396038640009596,-0.6632708157941943,-0.6786429460174824,1.2778537714285716
0.0,-0.5040471089659609,-0.5557556364796058,-0.5985226553681824,-0.632048583783694,-0.6565811520559588,-0.672795613469777,0.7163474249999995
0.0,-0.4990632069827525,-0.5511347893449748,-0.5943059256340825,-0.6282580032832571,-0.6532210353806263,-0.6698552384624271,1.153604104285714
0.0,-0.49407930499954406,-0.5465104322618931,-0.5900827874973638,-0.6244587783616635,-0.6498506978269206,-0.6669036790844254,1.3305748535714286
0.0,-0.48909540301633686,-0.5418825652303632,-0.5858532360921181,-0.6206508958864889,-0.6464701160949817,-0.6639409013278389,1.3887638103571427
0.0,-0.4841115010331284,-0.5372511882503813,-0.5816172665524338,-0.6168343427153378,-0.6430792668495635,-0.6609668711072355,1.304998887142857
0.0,-0.4791275990499212,-0.5326163013219508,-0.5773748740124041,-0.6130091056958517,-0.6396781267200131,-0.6579815542595726,1.4152888414285714
0.0,-0.4691597950835055,-0.5233359976197384,-0.5688708004676657,-0.6053325274525881,-0.6328448801486821,-0.6519769236421129,1.3377919500000002
0.0,-0.46417589310029705,-0.518690580845956,-0.5646091097311384,-0.6014811598742505,-0.6294127267883005,-0.6489575411570984,1.2239166017857146
0.0,-0.45919199111708986,-0.5140416541237248,-0.5603409765306281,-0.5976210557384576,-0.6259701887065309,-0.6459267346143533,1.0002021735714286
0.0,-0.4542080891338814,-0.5093892174530424,-0.556066396000223,-0.5937522018430077,-0.6225172423552634,-0.6428844694609949,1.330334762857143
0.0,-0.4492241871506742,-0.5047332708339107,-0.5517853632740158,-0.5898745849757359,-0.6190538641508212,-0.6398307110658219,1.506413834642857
0.0,-0.4442402851674657,-0.5000738142663278,-0.5474978734860956,-0.585988191914506,-0.6155800304739261,-0.6367654247191906,1.8538578189285715
0.0,-0.4392563831842585,-0.49541084775029604,-0.5432039217705549,-0.5820930094272172,-0.6120957176696779,-0.6336885756329017,1.1848678732142854
0.0,-0.43427248120105005,-0.490744371285813,-0.5389035032614821,-0.5781890242717979,-0.6086009020475218,-0.6306001289400766,1.3090278825
0.0,-0.42928857921784286,-0.48607438487288074,-0.5345966130929699,-0.5742762231962117,-0.6050955598812275,-0.6275000496950441,0.7859636067857145
0.0,-0.4243046772346344,-0.48140088851149765,-0.5302832463991075,-0.5703545929384523,-0.6015796674088563,-0.6243883028732168,1.1320657185714287
0.0,-0.4193207752514272,-0.4767238822016648,-0.5259633983139864,-0.5664241202265472,-0.59805320083274,-0.6212648533709771,1.665442425357143
0.0,-0.4143368732682187,-0.4720433659433812,-0.5216370639716963,-0.5624847917785546,-0.5945161363194488,-0.6181296660055539,1.2935587246428575
0.0,-0.40436906930180305,-0.4626718035814646,-0.5129649170519746,-0.5545795144967088,-0.5874101179686744,-0.6118239365576099,1.5540998007142857
0.0,-0.3993851673185946,-0.4579807574778302,-0.508619094742723,-0.5506135390491346,-0.5838411162852962,-0.6086533237127215,1.1660200899999995
0.0,-0.3944012653353874,-0.45328620142574694,-0.5042667667126671,-0.5466386546380347,-0.5802614209729032,-0.6054708314796792,1.4242527567857142
0.0,-0.3894173633521802,-0.4485881354252134,-0.49990792809589574,-0.5426548479316287,-0.5766710080188675,-0.6022764242781703,1.4962177835714288
0.0,-0.37944955938576325,-0.4391814735787941,-0.4911706996385682,-0.5346604142559421,-0.5694579329557334,-0.595851722249057,1.5272147421428575
0.0,-0.37446565740255605,-0.43447287773291027,-0.48679230006619545,-0.5306497605732667,-0.5658352226416755,-0.5926213558610233,1.3322616689285718
0.0,-0.3644978534361404,-0.4250451561957908,-0.47801590590448156,-0.5226015126599983,-0.5585573356662069,-0.5861244128354178,1.6698533475
0.0,-0.3595139514529319,-0.42032603050455564,-0.4736179015833223,-0.5185638916562029,-0.5549021105837505,-0.5828577641557093,1.9086975317857142
0.0,-0.3545300494697247,-0.4156033948648712,-0.46921335261408303,-0.5145172547555527,-0.551235998763999,-0.5795789492024132,1.6286100660714284
0.0,-0.34954614748651747,-0.41087724927673647,-0.4648022541308539,-0.5104615885465262,-0.5475589759062119,-0.5762879317529406,1.5896066003571425
0.0,-0.34456224550330905,-0.4061475937401505,-0.4603846012677244,-0.5063968796076342,-0.5438710176735142,-0.5729846755038787,1.557787194642857
0.0,-0.32961053955368613,-0.39193756743969393,-0.44709226773984845,-0.4941483620473745,-0.5327412868146327,-0.5630011097101609,2.06034092
0.0,-0.3246266375704777,-0.38719387210930734,-0.442648348698028,-0.4900473477747872,-0.5290093429899142,-0.55964853360794,1.8924274942857138
0.0,-0.31964273558726924,-0.3824466668304705,-0.4381978509467616,-0.4859372235153783,-0.5252663415629506,-0.5562835359725044,1.8332607135714292
0.0,-0.31465883360406205,-0.37769595160318487,-0.43374076962014085,-0.4818179757878543,-0.5215122579794952,-0.552906080012973,1.9185370403571431
0.0,-0.3096749316208548,-0.37294172642744894,-0.4292770998522552,-0.4776895911009516,-0.5177470676489763,-0.5495161288567972,1.8890271621428574
0.0,-0.3046910296376464,-0.3681839913032618,-0.42480683677719444,-0.47355205595344035,-0.5139707459444735,-0.5461136455496409,1.553439366428572
0.0,-0.2997071276544379,-0.36342274623062437,-0.4203299755290498,-0.4694053568341229,-0.5101832682026902,-0.5426985930552608,2.422397638214286
0.0,-0.28973932368802224,-0.3538897262400006,-0.4113564390498747,-0.4610844125854439,-0.5025747457720542,-0.5358306319495871,2.1865926692857145
0.0,-0.28475542170481505,-0.3491179513220138,-0.4068597540870246,-0.4569101403838486,-0.4987536515744832,-0.5323776488551748,1.6726053035714288
0.0,-0.2797715197216066,-0.34434266645557576,-0.40235645148745264,-0.4527266500659796,-0.4949213023221423,-0.5289119476070592,1.7918792428571428
0.0,-0.2747876177383993,-0.3395638716406889,-0.39784652638525153,-0.44853392807080295,-0.49107767316945095,-0.5254334907576398,1.8725461296428572
0.0,-0.2698037157551909,-0.33478156687735083,-0.3933299739145098,-0.4443319608273128,-0.48722273923428755,-0.5219422407766782,1.7854650364285714
0.0,-0.24488420583915235,-0.31081739383391066,-0.37064763072588236,-0.42318297020231627,-0.46777762438620435,-0.5042927745406784,2.4546613653571425
0.0,-0.23990030385594388,-0.3060140293798714,-0.36609121185980625,-0.4189252459196856,-0.4638543371822127,-0.5007239729925999,1.8863654396428569
0.0,-0.23491640187273669,-0.3012071549773829,-0.361528131563826,-0.4146581811126226,-0.45991956999560474,-0.4971421132773181,2.468315233928571
0.0,-0.2299324998895282,-0.29639677062644354,-0.3569583849720307,-0.4103817621303811,-0.4559732976509922,-0.49354715719913184,2.4077961382142865
0.0,-0.22494859790631977,-0.2915828763270535,-0.3523819672185111,-0.4060959753122479,-0.45201549493620896,-0.48993906647860946,2.9155809500000003
0.0,-0.21996469592311255,-0.2867654720792151,-0.34779887343735977,-0.4018008069875449,-0.4480461366022845,-0.486317802752466,2.5977076567857145
0.0,-0.21498079393990535,-0.28194455788292644,-0.3432090987626659,-0.39749624347562207,-0.4440651973634119,-0.4826833275734376,2.4488449260714287
0.0,-0.20999689195669688,-0.27712013373818606,-0.3386126383285189,-0.39318227108586234,-0.44007265189692507,-0.47903560241016163,2.240465305357143
0.0,-0.20501298997348844,-0.2722921996449959,-0.33400948726901075,-0.38885887611768377,-0.4360684748432741,-0.4753745886470564,2.6109782021428574
0.0,-0.195045186007074,-0.26262580161326715,-0.3247830938102756,-0.38018376359389866,-0.42802512435167944,-0.46801254043718316,2.4638569932142858
0.0,-0.1850773820406571,-0.25294536378773536,-0.31552987945918093,-0.37147079610024025,-0.41993494227345846,-0.4605968723300566,3.023771046785714
0.0,-0.18009348005744988,-0.2480998799522953,-0.3108932022842275,-0.36710008238234487,-0.4158722255978005,-0.45686883337771567,3.0527684885714286
0.0,-0.17510957807424266,-0.24325088616840546,-0.3062498052884567,-0.3627198636732076,-0.4117977244015458,-0.4531272723565208,2.797644462857143
0.0,-0.1701256760910342,-0.23839838243606384,-0.3015996836059579,-0.35833012620246996,-0.407711413066184,-0.44937215005789893,2.795117607142857
0.0,-0.16514177410782577,-0.23354236875527246,-0.2969428323708235,-0.3539308561898084,-0.40361326593610525,-0.44560342718807333,2.896501388928571
0.0,-0.16015787212461854,-0.2286828451260318,-0.2922792467171442,-0.3495220398449306,-0.39950325731857084,-0.44182106436793855,3.2889676932142855
0.0,-0.1452061661749944,-0.21408321454760665,-0.278248034585739,-0.3362381747645513,-0.3871018050563491,-0.43039174113209366,3.5669596935714285
0.0,-0.1402222641917872,-0.20920965112456538,-0.2735574625987847,-0.3317910349885248,-0.38294409281809333,-0.4265544230087676,3.426258200357143
0.0,-0.13523836220858,-0.2043325777530743,-0.2688601318637385,-0.32733427977930246,-0.37877439007082236,-0.4227032667553514,3.5634217021428576
0.0,-0.13025446022537154,-0.19945199443313152,-0.26415603751468947,-0.3228678952867844,-0.37459267089846265,-0.4188382324781715,3.7399303089285723
0.0,-0.12527055824216307,-0.19456790116473893,-0.25944517468572975,-0.3183918676509052,-0.3703989093476268,-0.4149592801973624,3.2827217682142864
0.0,-0.1153027542757474,-0.18478918478260392,-0.25000312412444126,-0.30941082745895937,-0.3619751551102316,-0.40715946127367453,3.5060868317857143
0.0,-0.1103188522925402,-0.1798945616688615,-0.24527192666029346,-0.30490578713292105,-0.35774511033007284,-0.40323851423897356,3.6306992360714285
0.0,-0.10533495030933174,-0.1749964286066683,-0.24053394125259672,-0.30039104812357775,-0.35350291898418484,-0.39930348841674945,3.443784547857143
0.0,-0.09536714634291607,-0.16518963263693212,-0.2310375871429215,-0.2913324184053922,-0.34498199199625923,-0.39139103867198954,3.4983424239285714
0.0,-0.0804154403932932,-0.1504531140689522,-0.21674202475406357,-0.27767138563175947,-0.3321088475435362,-0.3794157600027262,3.779369641785714
0.0,-0.07543153841008474,-0.14553392131605788,-0.2119632095009803,-0.2730981620657177,-0.3277932265428239,-0.3753954097413707,4.239943866071428
0.0,-0.07044763642687751,-0.14061121861471473,-0.2071775722429848,-0.26851514223771744,-0.3234652752058201,-0.3713606959734774,3.860881447857143
0.0,-0.06546373444366907,-0.13568500596491986,-0.2023851081141646,-0.26392231216807643,-0.31912496712924504,-0.3673115776751412,3.8277370021428565
0.0,-0.06047983246046185,-0.1307552833666762,-0.19758581224861327,-0.2593196578671516,-0.31477227587216045,-0.36324801373464843,4.203861546428571
0.0,-0.055495930477253395,-0.12582205081998124,-0.19277967978041882,-0.2547071653353258,-0.31040717495593007,-0.3591699629523408,3.3643960532142865
0.0,-0.050512028494044944,-0.12088530832483603,-0.18796670584367328,-0.25008482056301856,-0.3060296378642031,-0.355077384040499,4.194567175
0.0,-0.04552812651083773,-0.11594505588124202,-0.18314688557246844,-0.24545260953068188,-0.30163963804288285,-0.35097023562321333,4.276882124285715
0.0,-0.04054422452763051,-0.11100129348919774,-0.1783202141008936,-0.24081051820879704,-0.29723714890009734,-0.34684847623625614,4.867630373571429
0.0,-0.03556032254442206,-0.10605402114870172,-0.17348668656303803,-0.236158532557878,-0.2928221438061757,-0.3427120643269586,4.197832632857143
0.0,-0.020608616594799175,-0.0911911444365164,-0.15894491889270582,-0.22214306908656245,-0.2795017659533506,-0.3302144966090993,4.600502635714286
0.0,-0.015624714611590722,-0.08622983230222026,-0.15408391843063993,-0.21745136552530975,-0.27503643000126365,-0.326019057310544,4.564413067499999
0.0,-0.010640812628382268,-0.08126501021947385,-0.14921603757274848,-0.21274969728808457,-0.2705584443817621,-0.32180875639529105,4.751218854285714
0.0,-0.0056569106451750525,-0.07629667818827864,-0.14434127145312253,-0.208038050275597,-0.2660677822378172,-0.31758355177738407,4.568792621071428
0.0,-0.0006730086619665982,-0.07132483620863167,-0.1394596152058506,-0.20331641037858633,-0.2615644166744096,-0.31334340128154137,4.435425672857143
0.0,0.004310893321240616,-0.06634948428053591,-0.13457106396502572,-0.19858476347782808,-0.25704832075851,-0.3090882626430349,4.988560154642857
0.0,0.00929479530444907,-0.061370622403988905,-0.1296756128647364,-0.19384309544412648,-0.25251946751904397,-0.30481809350755856,4.8757914314285715
0.0,0.014278697287656286,-0.056388250578993084,-0.12477325703907521,-0.1890913921383213,-0.24797782994687317,-0.30053285143110736,4.886593703214285
0.0,0.0192625992708635,-0.051402368805546994,-0.11986399162213218,-0.18432963941128308,-0.24342338099476254,-0.29623249387984546,4.640228919999999
0.0,0.024246501254071955,-0.04641297708364916,-0.11494781174799633,-0.17955782310391277,-0.23885609357735352,-0.2919169782299806,4.8281328242857136
0.0,0.03421430522048762,-0.03642366379450512,-0.10509468916451384,-0.16998394306195444,-0.22968289481445187,-0.2832403016887499,4.904949590357143
0.0,0.03919820720369484,-0.03142374222725843,-0.10015773672334878,-0.165181850959334,-0.2250769291073971,-0.27887905509888583,6.184527004642857
0.0,0.04916601117011175,-0.021413369247411784,-0.09026302521261963,-0.15554729159596703,-0.2158261288514937,-0.2701105303561321,6.3300342432142855
0.0,0.05414991315331896,-0.016402917834814273,-0.08530525641123964,-0.15071479590738476,-0.21118123971163177,-0.26570316596158955,5.7778127999999995
0.0,0.059133815136527414,-0.011388956473766,-0.08034053909130157,-0.1458721372456956,-0.20652332143931873,-0.2612803425725086,6.158524911785715
0.0,0.06411771711973586,-0.006371485164266967,-0.07536886838689696,-0.14101930137206256,-0.20185234664326088,-0.25684201684088803,6.146050273571428
0.0,0.06910161910294309,-0.001350503906319616,-0.07039023943211838,-0.1361562740376803,-0.19716828789380086,-0.25238814532762816,6.386597622857143
0.0,0.0740855210861503,0.003673987300078497,-0.06540464736105432,-0.13128304098377383,-0.19247111772288927,-0.2479186845023995,6.272946979642857
0.0,0.08405332505256596,0.01373349955822603,-0.05541255440643244,-0.1215059006324523,-0.18303733305240605,-0.23893282033782542,6.126124440714285
0.0,0.08903722703577442,0.01876852060997545,-0.05040604379105618,-0.11660196476765151,-0.1783006634245465,-0.23441632948054214,6.509297117499999
0.0,0.09402112901898163,0.023807051610174164,-0.04539255059575861,-0.11168776604855478,-0.1735507721186064,-0.2298840742751597,6.4779681942857135
0.0,0.09900503100219009,0.02884909255882364,-0.040372069954628234,-0.10676329016654815,-0.168787631474183,-0.2253360107332994,6.718720406071428
0.0,0.10398893298539731,0.03389464345592241,-0.03534459700175761,-0.10182852280305273,-0.16401121379232567,-0.22077209477459128,6.032673977857142
0.0,0.10897283496860576,0.03894370430147292,-0.030310126871234747,-0.09688344962951886,-0.15922149133550254,-0.21619228222654052,6.126956602142857
0.0,0.11395673695181298,0.04399627509547175,-0.025268654697154218,-0.09192805630743459,-0.1544184363275821,-0.2115965288244074,6.217846341428571
0.0,0.11894063893502142,0.049052355837922314,-0.020220175613603016,-0.08696232848831338,-0.14960202095379466,-0.20698479021106675,6.577052743214286
0.0,0.12392454091822988,0.05411194652882315,-0.015164684754672688,-0.08198625181370524,-0.14477221736071655,-0.20235702193689098,6.370535877500001
0.0,0.1289084429014371,0.0591750471681728,-0.010102177254456297,-0.07699981191519405,-0.13992899765623965,-0.1977131794596179,6.732521646785715
0.0,0.13389234488464433,0.06424165775597222,-0.0050326482470423525,-0.07200299441439176,-0.13507233390954,-0.19305321814421747,6.518583598571429
0.0,0.13887624686785277,0.0693117782922234,4.3907133479118375e-05,-0.06699578492294336,-0.13020219815105513,-0.18837709326276775,6.430969882857143
0.0,0.14884405083426844,0.07946254921007509,0.010218116477478965,-0.05695013236485942,-0.12042139852663426,-0.1789761734248028,6.558528021428572
0.0,0.16379575678389255,0.09471503020022892,0.02553224993951249,-0.04180335331590824,-0.10564845753212038,-0.1647524433688242,6.438024426785714
0.0,0.173763560750307,0.1049009006025809,0.03577694198049792,-0.03165313202981622,-0.09573167392098314,-0.15518786253086017,6.1923995878571425
0.0,0.17874746273351544,0.10999910072643328,0.04090988351860927,-0.02656226743634832,-0.09075275050648472,-0.15038080772618184,6.473930652142857
0.0,0.1837313647167239,0.11510081079873542,0.046049895223011325,-0.02146088090850532,-0.08576010160646706,-0.14555718260270717,6.553258266428571
0.0,0.19868307066634677,0.13042700070634158,0.06151239999305385,-0.0060934447885802314,-0.07069951821382446,-0.13098642820833,6.507707929285713
0.0,0.20366697264955524,0.13554275057244483,0.06668074102171338,-0.0009498255432514916,-0.06565168339697473,-0.12609606422639985,6.847020086071429
0.0,0.2186186785991781,0.15091105986145278,0.08222835054635048,0.014544657199410085,-0.05042485868217264,-0.1113239901405059,6.781868696428572
0.0,0.22360258058238658,0.15604084952135663,0.08742509875381643,0.019730741608647212,-0.04532138171233823,-0.10636615062576472,6.256367195714286
0.0,0.22858648256559377,0.1611741491297093,0.09262896092075526,0.024927478703371045,-0.04020392262364655,-0.10139132641046567,6.995676445
0.0,0.233570384548801,0.1663109586865122,0.09783994191307895,0.030134883061323458,-0.03507245270539271,-0.09639947097714947,6.542335684285715
0.0,0.23855428653200947,0.1714512781917664,0.10305804659669746,0.03535296927021272,-0.02992694320759743,-0.09139053771287256,6.278457311071429
0.0,0.24852209049842514,0.18174244704762407,0.11351564650145182,0.045821245641466,-0.01959369027693065,-0.0813212507614558,6.271954054642857
0.0,0.2535059924816336,0.1868932963982286,0.1187551514544071,0.051071465029084655,-0.014405889147479152,-0.07626080336982485,6.678419403928572
0.0,0.25848989446484205,0.19204765569728385,0.12400179956229407,0.05633242471814624,-0.009203933045275807,-0.07118309073799228,7.004665300714286
0.0,0.26845769843125644,0.2023669041407413,0.13451654470649588,0.06688662356074745,0.0012425599038659227,-0.06097568128812593,6.525081394285714
0.0,0.2734416004144649,0.2075317932851469,0.1397846514746322,0.07217989201928424,0.006487154762666591,-0.0558458899964836,6.765175438571428
0.0,0.2784255023976734,0.21270019237800228,0.14505992086133707,0.07748395938925419,0.011746020617993054,-0.050698644517164486,6.866900772857143
0.0,0.2834094043808806,0.21787210141930646,0.15034235773251842,0.08279884034807221,0.017019186574513852,-0.0455338973719696,6.943782727142857
0.0,0.2883933063640878,0.22304752040906142,0.15563196695408726,0.08812454958312448,0.022306681776445087,-0.04035160098590084,7.010820548928571
0.0,0.29337720834729625,0.22822644934726713,0.16092875339195356,0.09346110179176419,0.027608535407573877,-0.035151707687033955,6.854459800714286
0.0,0.29836111033050344,0.23340888823392214,0.16623272191202473,0.09880851168130832,0.03292477669128112,-0.029934169706389693,6.9133916525000005
0.0,0.3033450123137119,0.2385948370690284,0.17154387738021282,0.10416679396904747,0.03825543489057896,-0.024698939177793443,7.230048091785715
0.0,0.3133128162801276,0.24897726458459024,0.18218776862457045,0.11491603465809298,0.048960119286259686,-0.014175208525322967,6.775891810357143
0.0,0.31829671826333605,0.2541737432650468,0.18752051413255993,0.12030702254381344,0.05433420420702762,-0.008886612181966635,7.122445769642857
0.0,0.32328062024654325,0.2593737318939527,0.19286046605230114,0.12570894179655315,0.059722823492204404,-0.003580130851436228,7.021072816428572
0.0,0.3282645222297505,0.2645772304713084,0.19820762924970456,0.1311218071834388,0.06512600660332736,0.001744283820370236,7.363451333214286
0.0,0.3332484242129589,0.2697842389971158,0.20356200859068013,0.1365456334815652,0.07054378304171914,0.007086680285535649,7.2825576850000004
0.0,0.3382323261961674,0.274994757471373,0.20892360894113685,0.14198043547799274,0.07597618234851432,0.012447107094256334,7.335839749285714
0.0,0.3432162281793746,0.28020878589407894,0.21429243516698215,0.1474262279697485,0.08142323410468498,0.01782561289497283,7.008503776071429
0.0,0.34820013016258183,0.28542632426523573,0.2196684921341275,0.1528830257638311,0.0868849679310747,0.02322224643450958,7.361542300357142
0.0,0.35318403214579025,0.2906473725848437,0.22505178470848292,0.15835084367720567,0.09236141348841881,0.028637056558201153,7.294428134642857
0.0,0.3581679341289987,0.2958719308529015,0.23044231775595583,0.1638296965368025,0.09785260047737003,0.03407009221002346,6.816576706428571
0.0,0.3631518361122059,0.3010999990694086,0.23584009614245566,0.16931959917952122,0.10335855863852991,0.03952140243273106,6.917692853214286
0.0,0.36813573809541317,0.30633157723436544,0.24124512473389192,0.17482056645222932,0.10887931775247478,0.044991036367988596,7.510901799999999
0.0,0.3731196400786216,0.31156666534777405,0.24665740839617611,0.18033261321176386,0.11441490763978271,0.050479043256505256,7.069022501785714
0.0,0.37810354206183006,0.31680526340963244,0.2520769519952156,0.185855754324926,0.11996535816105663,0.05598547243816186,7.529995458571429
0.0,0.38308744404503725,0.3220473714199401,0.25750376039691897,0.19139000466848496,0.12553069921695303,0.061510373352148213,7.382590820357143
0.0,0.3880713460282457,0.32729298937869905,0.2629378384671976,0.19693537912918116,0.13111096074821493,0.06705379553710011,6.9668951421428575
0.0,0.3930552480114529,0.3325421172859068,0.26837919107195896,0.20249189260371836,0.13670617273568747,0.07261578863122346,7.116681963928572
0.0,0.3980391499946614,0.33779475514156626,0.27382782307711456,0.20805955999877235,0.1423163652003567,0.0781964023724376,6.9438672482142865
0.0,0.40800695396107706,0.34831056069823363,0.2847469447522407,0.2192284162269578,0.15358181184604636,0.08941369124714095,6.416889224285714
0.0,0.4179747579274927,0.35884040604870204,0.29569524241985085,0.23044206726647895,0.16490754165686763,0.10070606206378484,7.4080780978571426
0.0,0.4229586599107,0.3641105936466109,0.3011803444156105,0.23606572821308044,0.17059308822885894,0.10638052860833333,7.555835577142858
0.0,0.4279425618939084,0.36938429119297106,0.30667275500722063,0.24170063272956124,0.1762937962482831,0.11207391632882807,7.3133434189285715
0.0,0.43292646387711564,0.37466149868778004,0.31217247906058776,0.24734679579236563,0.1820096960178163,0.11778627566488259,7.744421995714285
0.0,0.43791036586032406,0.3799422161310407,0.31767952144162437,0.2530042323879116,0.1877408178804913,0.12351765715689554,7.44990228
0.0,0.4428942678435313,0.3852264435227502,0.3231938870162368,0.2586729575125791,0.19348719221971122,0.12926811144617154,7.173888854285714
0.0,0.4478781698267397,0.3905141808629109,0.3287155806503367,0.2643529861727205,0.19924884945928759,0.13503768927506757,7.416496136071428
0.0,0.452862071809947,0.3958054281515205,0.33424460720983135,0.27004433338465206,0.20502582006345835,0.14082644148711718,7.678042582857143
0.0,0.4578459737931554,0.4011001853885818,0.3397809715606328,0.2757470141746619,0.21081813453692266,0.14663441902717378,7.108116659642857
0.0,0.46282987577636264,0.40639845257409185,0.34532467856864707,0.28146104357900037,0.21662582342485873,0.1524616729415363,7.4685592964285705
0.0,0.46781377775957106,0.4117002297080532,0.35087573309978703,0.2871864366438917,0.22244891731296162,0.15830825437809337,7.304178383214286
0.0,0.47279767974277953,0.4170055167904648,0.3564341400199602,0.2929232084255233,0.2282874468274586,0.16417421458644826,7.13364013
0.0,0.4777815817259867,0.4223143138213252,0.36199990419507455,0.29867137399004945,0.23414144263514222,0.17005960491805894,8.060835774285716
0.0,0.482765483709194,0.4276266208006359,0.3675730304910415,0.30443094841359725,0.24001093544340024,0.1759644768263758,7.595407953571429
0.0,0.4877493856924024,0.43294243772839786,0.37315352377377053,0.3102019467822581,0.2458959560002364,0.18188888186697127,7.698881807857143
0.0,0.49273328767561086,0.4382617646046101,0.37874138890917064,0.31598438419209146,0.2517965350942987,0.18783287169767568,7.618491537142858
0.0,0.5027010916420253,0.44891094820238236,0.3899392542016174,0.3275836365693477,0.2636444922520795,0.19977981287283722,7.638974475714286
0.0,0.5126688956084422,0.45957417159395825,0.401166665295662,0.33922882651320113,0.2755550540398586,0.21180571566482995,7.998135604285714
0.0,0.5176527975916494,0.46491104821241985,0.4067914626830549,0.34506868591865514,0.2815338890742357,0.2178484079020683,7.541801096071429
0.0,0.5276206015580651,0.4755953312946949,0.41806326546813116,0.3567830093759486,0.29353882258941016,0.22999353543029635,8.079424289642857
0.0,0.5326045035412735,0.4809427377585083,0.4237102805976335,0.3626575037694226,0.29956498325889896,0.23609607557949247,7.925072813928572
0.0,0.5425723075076893,0.4916480805314845,0.4350265626601113,0.37444123381486644,0.3116648482000163,0.24836137156944812,8.008742175
0.0,0.5475562094908965,0.49700601684064727,0.4406958393249058,0.3803504998682768,0.31773861490573707,0.2545242328896922,7.903574751785714
0.0,0.5575240134573121,0.5077324193043247,0.45205668825115364,0.392203910114835,0.3299339731799492,0.26691064665836983,7.977434707857142
0.0,0.5625079154405194,0.5131008854588377,0.4577482702444244,0.39814808476922786,0.33605562742841544,0.27313430521001403,7.841225712142857
0.0,0.5724757194069362,0.5238483476132167,0.46915377362081156,0.41007144936811996,0.3483470431558301,0.2856427916879554,7.818167520714286
0.0,0.5774596213901434,0.5292273436130807,0.47486770473574386,0.416050669833669,0.3545168675611193,0.29192772634364267,7.623446617500001
0.0,0.5824435233733507,0.5346098495613943,0.4805890952897151,0.4220416027739355,0.36070281168022184,0.2982331932711541,8.193435746785715
0.0,0.5874274253565591,0.5399958654581593,0.4863179501486357,0.4280442634743659,0.36690490707914486,0.30455924609701795,7.863112606071429
0.0,0.5924113273397675,0.545385391303375,0.49205427417841474,0.4340586672303734,0.37312318536507566,0.3109059385527391,7.589367147857143
0.0,0.5973952293229747,0.5507784270970391,0.4977980722449596,0.4400848293473362,0.3793576781864084,0.31727332447493606,7.9750330371428575
0.0,0.6023791313061833,0.5561749728391548,0.5035493492141823,0.4461227651406061,0.3856084172327782,0.32366145780548494,7.633575806428571
0.0,0.6073630332893917,0.5615750285297203,0.5093081099519906,0.452172489935498,0.39187543423507926,0.3300703925916476,7.640092488214285
0.0,0.6123469352725989,0.5669785941687352,0.5150743593242927,0.45823401906729433,0.39815876096549335,0.3365001829862111,7.53862911
0.0,0.6173308372558061,0.5723856697561999,0.5208481021969995,0.4643073678812484,0.4044584292375231,0.3429508832476308,7.837275544285714
0.0,0.6223147392390146,0.5777962552921162,0.5266293434360215,0.47039255173258054,0.41077447090601327,0.3494225477401626,7.905231916071429
0.0,0.6372664451886375,0.5940490715905635,0.5440181060100625,0.4887192672125452,0.4298211554593801,0.36896387183687146,8.363890916428572
0.0,0.6572020531214688,0.6157686326001296,0.5673083951023468,0.5133215116700935,0.455447902187594,0.39531578653817606,7.778292303571429
0.0,0.6621859551046773,0.6212072977236472,0.5731497984446168,0.5195019298044592,0.4618960827721499,0.4019571347343111,8.010674102857143
0.0,0.6671698570878857,0.6266494727956151,0.5789987439463856,0.5256943216217224,0.46836092531162504,0.4086199412236154,8.145796784642858
0.0,0.6721537590710929,0.6320951578160312,0.5848552364735597,0.5318987025767764,0.4748424620757675,0.4153042614359279,8.011335853928571
0.0,0.6771376610543002,0.6375443527848982,0.5907192808920512,0.5381150881344876,0.4813407253759686,0.4220101509084105,8.209039350714287
0.0,0.6821215630375086,0.6429970577022164,0.5965908820677699,0.5443434937696884,0.4878557475652836,0.42873766528568125,8.471840335
0.0,0.687105465020717,0.6484532725679848,0.6024700448666243,0.550583934967177,0.4943875610384582,0.4354868603199506,8.480163061785714
0.0,0.6920893670039242,0.6539129973822015,0.6083567741545218,0.5568364272217186,0.5009361982319555,0.4422577918711614,7.831396101071428
0.0,0.7020571709703399,0.6648429768559878,0.6201529516610913,0.5693776269308731,0.5140840737345426,0.45586508850369806,8.004892384642856
0.0,0.7070410729535483,0.6703132315155569,0.6260624096115811,0.5756663654248584,0.5206833771253997,0.46270156584483163,8.265105096428572
0.0,0.7120249749367555,0.6757869961235747,0.631979453514752,0.5819672170546412,0.5272996344001665,0.46956000422280003,8.334502985714286
0.0,0.7170088769199628,0.6812642706800424,0.6379040882365145,0.5882801973648282,0.5339328782043085,0.47644046003830187,8.1758033925
0.0,0.7219927789031713,0.6867450551849623,0.6438363186427798,0.5946053219099946,0.5405831412251698,0.4833429898006021,8.155364009285714
0.0,0.7269766808863797,0.6922293496383315,0.6497761495994546,0.6009426062546788,0.5472504561919971,0.49026765012766743,8.406540771071429
0.0,0.7319605828695869,0.6977171540401499,0.6557235859724483,0.6072920659733885,0.5539348558759734,0.49721449774631316,8.409195657857143
0.0,0.746912288819211,0.7142016269363088,0.6736115762484434,0.6264136532682795,0.5740908915722067,0.5181887332555121,8.767877860714286
0.0,0.7518961908024183,0.7197034711319279,0.6795894829458093,0.6328119704275332,0.5808439586762282,0.5252248994904348,8.312504087499999
0.0,0.7568800927856267,0.7252088252759987,0.6855750193890435,0.6392225409828731,0.5876142749832626,0.5322835382885879,8.615608959285714
0.0,0.7618639947688339,0.7307176893685179,0.6915681904440513,0.6456453805686092,0.5944018735166543,0.539364707032787,8.444835558571429
0.0,0.7668478967520423,0.7362300634094887,0.6975690009767463,0.6520805048290279,0.6012067873418789,0.5464684632156819,8.338325782857142
0.0,0.7768157007184568,0.7472653413367784,0.7095935599388261,0.6649876700008716,0.6148686933404677,0.5607439684180825,8.58596527892857
0.0,0.7817996027016653,0.7527882452230995,0.7156173181000324,0.6714597422507023,0.6217257518556266,0.5679158329732594,8.762100968214286
0.0,0.7867835046848737,0.758314659057871,0.7216487352025617,0.6779441618520197,0.6286002583462518,0.5751105160387444,8.5244497825
0.0,0.791767406668081,0.7638445828410912,0.7276878161123214,0.6844409444989423,0.6354922460888228,0.5823280756584001,8.381178364285715
0.0,0.8017352106344978,0.774914960252885,0.7397889888171767,0.697471661755933,0.6493287986471776,0.5968320572891561,7.9916919053571425
0.0,0.806719112617705,0.7804554138814556,0.7458510903440883,0.7040056278040774,0.656273430227441,0.604118595941869,8.778707359642857
0.0,0.8117030146009123,0.7859993774584765,0.751920875141869,0.7105520197739884,0.6632356765886738,0.6114282444322695,8.667294988928571
0.0,0.8216708185673292,0.7970978344578714,0.7640835140136791,0.7236821444649165,0.677213147649118,0.6261171054318886,8.568398785
0.0,0.8266547205505363,0.8026523278802431,0.7701763778195247,0.730265908703752,0.6842284394519309,0.6334964354725445,8.873776206785715
0.0,0.8316386225337437,0.8082103312510646,0.7762769443598766,0.7368621618999958,0.691261480242974,0.6408991104140497,8.85000112607143
0.0,0.8366225245169521,0.8137718445703378,0.7823852185006461,0.7434709198374803,0.6983123036802427,0.6483251893013257,8.443606765357142
0.0,0.8416064265001593,0.8193368678380594,0.7885012051077392,0.7500921983099987,0.705380943464248,0.6557747312912187,8.761400307142857
0.0,0.8465903284833678,0.824905401054233,0.7946249090470695,0.7567260131213208,0.7124674333380624,0.6632477956526599,9.175643511428571
0.0,0.851574230466575,0.8304774442188552,0.8007563351845418,0.7633723800851745,0.7195718070873266,0.6707444417667878,8.547408220714287
0.0,0.8565581324497834,0.8360529973319285,0.8068954883860692,0.7700313150252649,0.7266940985402955,0.678264729127107,8.82750564
0.0,0.8665259364161991,0.847214633403425,0.8191969954449209,0.783386952178788,0.7409925700835255,0.6933764661229533,8.787794438571428
0.0,0.8715098383994075,0.8528007163618491,0.8253593590340651,0.7900836860894626,0.7481688180435554,0.700968035308548,9.049276812857142
0.0,0.8764937403826147,0.8583903092687216,0.8315294691508988,0.7967930513708491,0.7553631194468728,0.7085834848407448,9.014912332142856
0.0,0.8814776423658232,0.8639834121240463,0.8377073306613347,0.8035150638964902,0.7625755083351585,0.716222874776964,8.687638801428571
0.0,0.8864615443490305,0.8695800249278193,0.843892948431278,0.810249739549888,0.7698060187928517,0.7238862652878267,8.946917250714286
0.0,0.8964293483154461,0.880783780380718,0.856287472213334,0.8237571438238301,0.7843215409682334,0.7392852892828913,9.063456941785713
0.0,0.9063971522818618,0.8920015756274169,0.8687130794243404,0.8373153914600809,0.7989099595049002,0.7547810404605237,8.953401657857144
0.0,0.911381054265069,0.8976157381734413,0.8749375514804727,0.8441136213537445,0.8062315905749755,0.7625653403762657,9.009702292142858
0.0,0.9313166621979015,0.9201074878420424,0.8999133429137582,0.8714342868922548,0.8357017286723397,0.793946790119418,8.820877084285716
0.0,0.93630056418111,0.9257392001303192,0.9061767909038149,0.8782964696090052,0.8431153388962026,0.8018535207688827,8.940737301071428
0.0,0.9412844661643173,0.9313744223670442,0.9124480486783825,0.8851714908299533,0.8505474484485767,0.8097849213823906,8.777132477857142
0.0,0.9462683681475245,0.9370131545522185,0.918727121103371,0.89205936655822,0.8579980919291915,0.8177410535001923,9.611302299642858
0.0,0.9562361721139401,0.9483011487679208,0.9313087293682545,0.9058737455990257,0.8729551192896613,0.8337277589851407,9.047690778214285
0.0,0.9612200740971486,0.953950410798448,0.9376112749399675,0.9128002809676409,0.8804615725846546,0.8417584560086803,9.116058559999999
0.0,0.9662039760803558,0.9596031827774234,0.9439216546257378,0.9197397349557249,0.8879866986382172,0.8498141318495837,9.083480269285715
0.0,0.9711878780635642,0.965259464704851,0.9502398732914789,0.9266921236162394,0.8955305322659248,0.8578948486248609,9.176037526071427
0.0,0.9761717800467714,0.970919256580727,0.9565659358030961,0.9336574630121051,0.9030931083265928,0.8660006685672929,9.167029170357143
0.0,0.9811556820299799,0.9765825584050541,0.962899847026502,0.9406357692162185,0.9106744617223227,0.8741316540255969,9.074068797142857
0.0,0.9861395840131871,0.9822493701778306,0.9692416118276035,0.9476270583114372,0.9182746273985095,0.8822878674645505,9.156007573928571
0.0,0.9911234859963955,0.9879196918990584,0.975591235072312,0.9546313463905913,0.9258936403438853,0.8904693714651524,9.082566318214287
0.0,1.0060751919460185,1.0049517167534403,0.9946873041271661,0.9757223656094544,0.9488641133329335,0.9151662543930154,9.183040568571428
0.0,1.011059093929227,1.0106360782684691,1.0010684098053932,0.9827788107519813,0.9565588661098827,0.9234495487794705,9.700392482857144
0.0,1.0160429959124353,1.0163239497319483,1.0074573982567734,0.9898483354920975,0.964272641750548,0.9317584483807947,9.381154372142857
0.0,1.0210268978956425,1.0220153311438758,1.0138542743472139,0.9969309559824369,0.9720054755041999,0.9400930164782922,9.58583238392857
0.0,1.0260107998788497,1.0277102225042525,1.0202590429426253,1.0040266883856013,0.979757402663627,0.9484533164704914,9.263848150714287
0.0,1.0309947018620582,1.0334086238130824,1.0266717089089203,1.011135548874164,0.9875284585651658,0.9568394118732926,8.8392672075
0.0,1.040962505828474,1.0448159562760893,1.0395207524177874,1.0253927188475895,1.0031280981577826,0.9736892435619856,9.716613323571428
0.0,1.0459464078116811,1.050524887430268,1.0459571396921798,1.032541060727431,1.0109567527394905,0.982153107467817,9.431505852857143
0.0,1.0509303097948897,1.056237328532897,1.052401443801091,1.0397025954826236,1.0188046778446216,0.9906430220244157,9.356214129642858
0.0,1.055914211778098,1.0619532795839772,1.0588536696104307,1.0468773393355761,1.0266719090276337,0.9991590513366928,9.54894816892857
0.0,1.0608981137613052,1.067672740583506,1.0653138219861054,1.05406530851866,1.034558481886686,1.007701259627795,9.504049730714286
0.0,1.0708659177277209,1.079122192427915,1.0782579259001053,1.0684809878545738,1.050389795244264,1.0248644706311492,9.948612619285715
0.0,1.0758498197109294,1.0848521832727955,1.0847418871702488,1.0757087305219923,1.0583346071578852,1.0334856023822003,9.494804948571428
0.0,1.0808337216941366,1.0905856840661252,1.0912337944703656,1.082949763548724,1.066298903577794,1.0421331711899695,9.188213407857143
0.0,1.0858176236773438,1.0963226948079041,1.0977336526663655,1.090204103216982,1.074282720321085,1.0508072418709802,9.250746972142856
0.0,1.0908015256605523,1.1020632154981354,1.104241466624161,1.0974717658189515,1.0822860932487204,1.0595078793608699,9.733810776428571
0.0,1.1007693296269678,1.1135547867239468,1.117280981288767,1.1120471250425832,1.0983516513203537,1.0769891151062485,9.9166569525
0.0,1.105753231610175,1.1193058372595268,1.1238126917273956,1.1193548542984462,1.1064139084058457,1.085769843829876,9.648945879285714
0.0,1.1107371335933836,1.1250603977435583,1.1303523773914572,1.1266759717564252,1.114495865558728,1.0945774002989541,9.903655628571427
0.0,1.115721035576592,1.1308184681760398,1.136900043146858,1.1340104937585367,1.1225975588596924,1.1034118500468606,9.882320940357141
0.0,1.1207049375597993,1.1365800485569708,1.1434556938595075,1.1413584366567686,1.1307190244334622,1.1122732587269635,9.723878342142857
0.0,1.1256888395430078,1.142345138886353,1.1500193343953167,1.1487198168130786,1.1388602984488185,1.1211616921127698,9.727128813928573
0.0,1.130672741526216,1.1481137391641854,1.156590969620194,1.1560946505993892,1.1470214171186206,1.130077216098062,10.123928623214287
0.0,1.1356566435094233,1.1538858493904662,1.1631706044000467,1.1634829543975889,1.1552024166998331,1.1390198966970484,9.151280490000001
0.0,1.1406405454926305,1.1596614695651972,1.1697582436007863,1.1708847445995378,1.163403333493561,1.1479898000445161,9.811118034285716
0.0,1.145624447475839,1.1654405996883805,1.176353892088324,1.1783000376070658,1.1716242038450722,1.1569869923959741,9.685289758571429
0.0,1.1555922514422547,1.1770093897800948,1.1895692363874224,1.1931711976959893,1.1881259508234634,1.1750635097373552,9.646182077142859
0.0,1.160576153425462,1.182799049748626,1.1961889419308023,1.2006270976308768,1.1964069003619242,1.1841429678432143,9.801512026428572
0.0,1.1655600554086705,1.1885922196656096,1.2028166762246169,1.208096566078324,1.2047079492813837,1.1932499811852288,9.738654793214286
0.0,1.1705439573918788,1.1943888995310432,1.209452444134775,1.2155796194899944,1.2130291341483164,1.202384616624709,10.115999195
0.0,1.1805117613582932,1.2059927891072584,1.2227481002677538,1.2305865470624977,1.2297320582121494,1.2207370218494744,9.62592033607143
0.0,1.1904795653247102,1.2176107184772766,1.2360759492570195,1.2456480121610638,1.24651596597219,1.239200720842728,10.132187352142857
0.0,1.1954634673079174,1.2234249480849586,1.2427519582375293,1.2531992375176855,1.254938380625889,1.24847447395048,9.655881338928571
0.0,1.2004473692911246,1.229242687641092,1.249436030029839,1.2607641467578399,1.263381151557647,1.2577762528823933,9.908897500714286
0.0,1.2054312712743331,1.2350639371456766,1.2561281694998585,1.2683427564029677,1.271844315644768,1.2671061253540992,10.4010179825
0.0,1.2153990752407486,1.2467169660001947,1.2695366709366582,1.283541143043726,1.2888319710168787,1.285850422392728,10.248584771071428
0.0,1.220382977223956,1.252548745350129,1.276253042635258,1.2911609531320727,1.2973565362791342,1.2952649830046834,10.476912057857144
0.0,1.2303507811903729,1.2642228338953496,1.2897100523224057,1.3064418896512526,1.3144673272336123,1.3141792694493444,10.137920313928571
0.0,1.23533468317358,1.270065143090634,1.2964507000427696,1.3141030492346033,1.3230536271707252,1.3236791320660046,10.358223855714286
0.0,1.2403185851567873,1.2759109622343674,1.3031994495022068,1.321778025152089,1.3316605796521206,1.3332075656739695,10.107342212499999
0.0,1.2502863891232041,1.2876131303671894,1.3167212731019449,1.3371694924041617,1.3489365912290552,1.3523504207911103,10.005328216071428
0.0,1.2552702911064113,1.2934694793562747,1.3234943569740607,1.3448860169710068,1.3576057249270754,1.361964980073633,9.949720220357143
0.0,1.2602541930896198,1.2993293382938114,1.330275562048889,1.3526164243365162,1.3662956603744059,1.3716083858944623,10.160479117142858
0.0,1.2702219970560356,1.3110595860142324,1.3438623552703144,1.3681189540376886,1.3837380862146407,1.390982014063647,10.402437035714286
0.0,1.2801898010224513,1.3228038735284546,1.3574816916934969,1.3836772147556973,1.4012641685935556,1.4104718603689728,10.044277591785713
0.0,1.2901576049888668,1.334562200836478,1.371133610245712,1.3992913398980449,1.4188742080731362,1.4300784818762031,10.554993232857141
0.0,1.295141506972074,1.3404466294131634,1.3779717999849779,1.407119393361796,1.427710805847885,1.4399257579603895,10.193686157142858
0.0,1.3001254089552814,1.3463345679383003,1.3848181498542316,1.4149614630317122,1.4365685059344104,1.4498024376513303,10.158108423928573
0.0,1.3051093109384897,1.3522260164118873,1.391672664719381,1.4228175656285844,1.4454473461053337,1.4597085911455974,10.291957810714287
0.0,1.3100932129216982,1.3581209748339258,1.3985353494463357,1.4306877178831723,1.4543473641783222,1.4696442887653725,10.2193269325
0.0,1.3150771149049054,1.3640194432044124,1.4054062089010029,1.4385719365362013,1.463268598016118,1.479609600958598,10.774547064285715
0.0,1.320061016888114,1.3699214215233504,1.4122852479492942,1.4464702383383692,1.4722110855265689,1.4896045982991364,10.545070753571428
0.0,1.3350127228377369,1.3876484161708638,1.4329714913150022,1.4702498102961699,1.499166449849381,1.5197684088350254,10.488342623928572
0.0,1.3399966248209452,1.3935644342836018,1.4398832973968805,1.4782046124011974,1.508194332031869,1.5298828550268802,10.721958190714286
0.0,1.3449805268041537,1.399483962344791,1.4468033074019306,1.4861735815583554,1.5172436581036992,1.5400273411292709,10.379973387500002
0.0,1.3599322327537766,1.4172636062190567,1.467612609615191,1.510165659497458,1.5445206816718924,1.5706417528594505,11.001929127857142
0.0,1.364916134736985,1.4231971740740461,1.4745654839720148,1.5181914650678259,1.5536561655442986,1.5809071131992034,10.515617407142857
0.0,1.3699000367201921,1.4291342518774839,1.4815265865815535,1.5262315218425058,1.5628132846542988,1.59120287138305,10.559220638928572
0.0,1.3748839387033995,1.4350748396293727,1.488495922309719,1.5342858466818392,1.571992077407627,1.6015290993797993,10.866600840714286
0.0,1.3798678406866078,1.4410189373297129,1.4954734960224219,1.5423544564561364,1.581192582255445,1.6118858692859808,10.64644584
0.0,1.3898356446530236,1.4529176625757423,1.5094533768650704,1.5585345983406793,1.5996588822664457,1.6326913238522252,10.952401536071429
0.0,1.3948195466362308,1.4588722901214313,1.5164556937268345,1.566646164241379,1.6089247545593035,1.6431401533452874,10.847002415357142
0.0,1.3998034486194393,1.4648304276155717,1.5234662680367732,1.5747720826579483,1.618212493206054,1.6536198144140808,10.646521554642856
0.0,1.4047873506026476,1.4707920750581622,1.5304851046607946,1.5829123705105317,1.6275221368853727,1.664130379795983,10.250463761428572
0.0,1.409771252585855,1.4767572324492022,1.5375122084648067,1.5910670447292414,1.6368537243215222,1.6746719223569977,10.650621420714286
0.0,1.4147551545690622,1.4827258997886923,1.5445475843147196,1.5992361222541591,1.646207294284378,1.6852445150919069,10.9749100125
0.0,1.4197390565522705,1.4886980770766338,1.5515912370764446,1.6074196200353372,1.6555828855894559,1.6958482311244232,10.581489816785714
0.0,1.424722958535479,1.4946737643130246,1.558643171615889,1.6156175550327891,1.664980537097933,1.7064831437073333,10.149057698571427
0.0,1.4297068605186862,1.5006529614978654,1.5657033927989616,1.6238299442164983,1.6744002877166773,1.7171493262226547,10.811534012857141
0.0,1.439674664485102,1.5126218857128972,1.5798487145596327,1.6402981530724707,1.6933062421410838,1.7385757952256964,10.748551363928572
0.0,1.4446585664683103,1.51861161274309,1.5869338248690512,1.6485540067345423,1.7027925239891908,1.7493362291249834,10.764688128214285
0.0,1.4546263704347249,1.5306015966488216,1.6011289686755925,1.6651092975761221,1.7218318924067681,1.7709518652215666,10.782889616785713
0.0,1.4745619783675574,1.5546236838416918,1.6296190852849792,1.6983946902329643,1.7601789455333943,1.814564288017901,10.784301058928573
0.0,1.4795458803507657,1.5606379805110344,1.63676244052936,1.7067525568212942,1.7698218372042045,1.8255472344081756,10.768809155714287
0.0,1.484529782333973,1.5666557871288265,1.6439141359423708,1.715125064923577,1.7794872589842223,1.8365622665058812,11.381930717500001
0.0,1.4895136843171803,1.5726771036950689,1.651074176389923,1.72351223162941,1.78917525033072,1.8476094592556933,11.093729871785715
0.0,1.4944975863003886,1.5787019302097625,1.6582425667379281,1.731914074038361,1.798885850747012,1.8586888877335022,11.037002156071429
0.0,1.4994814882835972,1.5847302666729062,1.6654193118522933,1.7403306092599578,1.808619099782475,1.8698006271465566,11.407347087857143
0.0,1.5044653902668044,1.5907621130844982,1.672604416598926,1.7487618544136996,1.8183750370325815,1.8809447528336272,10.771476252142858
0.0,1.5094492922500116,1.5967974694445417,1.6797978858437381,1.7572078266290556,1.8281537021389302,1.8921213402651615,11.154812258928573
0.0,1.51443319423322,1.6028363357530353,1.6869997244526393,1.7656685430454617,1.8379551347892689,1.9033304650434344,10.775125198214287
0.0,1.5194170962164273,1.6088787120099783,1.694209937291537,1.774144020812318,1.8477793747175124,1.9145722029026901,10.92449365
0.0,1.5244009981996358,1.6149245982153735,1.7014285292263438,1.7826342770889987,1.8576264617037883,1.9258466297093186,11.189637151785716
0.0,1.529384900182843,1.620973994369217,1.7086555051229646,1.791139329044837,1.8674964355744432,1.9371538214619846,10.938599671071428
0.0,1.544336606132467,1.6391432425214503,1.7303867852428212,1.8167434308302122,1.897244077450216,1.9712727483704584,11.527484186428572
0.0,1.5543044100988828,1.6512736243651895,1.7449163143401452,1.833887125636006,1.9171910053551662,1.994183923648817,11.152927695
0.0,1.559288312082091,1.6573440802097357,1.752193696191762,1.8424813127810968,1.9271991394777048,2.0056893084772276,11.427226304285714
0.0,1.5642722140652985,1.6634180460027301,1.7594794960665587,1.8510904160698074,1.9372304405657514,2.017227993959312,10.729500663571429
0.0,1.5692561160485057,1.669495521744175,1.7667737188304466,1.859714452751219,1.94728494881646,2.0288000571575777,11.103523855357142
0.0,1.5792239200149225,1.681661003072417,1.7813874524891362,1.8770073953383068,1.9674637478268489,2.0520446256211877,11.34222461642857
0.0,1.5842078219981297,1.6877490086592126,1.788706973115754,1.8856763357919772,1.9775881192132865,2.063717285680517,11.187780615714285
0.0,1.589191723981337,1.6938405241944574,1.7960349360950996,1.8943602787343436,1.987735859015964,2.075423633044315,11.028936654999999
0.0,1.5941756259645454,1.6999355496781545,1.8033713462930854,1.9030592414643264,1.9979070076646548,2.087163745444998,11.499234824285713
0.0,1.599159527947754,1.7060340851103017,1.8107162085756179,1.911773241290809,2.008101605635735,2.0989377007494237,11.678485636071427
0.0,1.6041434299309612,1.7121361304908975,1.8180695278086054,1.9205022955326434,2.018319693452211,2.1107455769590513,10.782550692857143
0.0,1.6091273319141695,1.7182416858199443,1.8254313088579603,1.9292464215186538,2.028561311683755,2.122587452210103,11.245808062142856
0.0,1.6190951358805852,1.730463326323388,1.8401802758694041,1.9467799580883185,2.049115301904163,2.1463735130560537,11.501955600714286
0.0,1.6240790378637924,1.7365794114977837,1.8475674715633112,1.955569403379453,2.059427755265897,2.158317855598565,11.346975684999999
0.0,1.6290629398469996,1.7426990066206307,1.8549631485372224,1.9643739898297239,2.069763901788492,2.1702965110780377,11.121878569285714
0.0,1.634046841830208,1.748822111691929,1.8623673116570478,1.9731937348177917,2.0801237822753125,2.1823095583068,11.338609903571427
0.0,1.6390307438134166,1.7549487267116766,1.8697799657886947,1.9820286557322806,2.0905074375765382,2.194357076232865,11.637805602857142
0.0,1.6440146457966238,1.7610788516798734,1.8772011157980713,1.9908787699717847,2.1009149085891985,2.206439143940091,11.514090129642858
0.0,1.648998547779831,1.7672124865965206,1.884630766551089,1.9997440949448686,2.111346236257198,2.21855584064834,11.367744506428572
0.0,1.6539824497630393,1.77334963146162,1.8920689229136591,2.008624648070064,2.1218014615713425,2.2307072457136305,11.268065090714288
0.0,1.6589663517462478,1.7794902862751685,1.8995155897516882,2.017520446775867,2.13228062556936,2.242893438628286,11.48807319
0.0,1.663950253729455,1.7856344510371664,1.9069707719310844,2.0264315085007407,2.142783769335932,2.2551144990210976,11.230870096785715
0.0,1.6739180576958719,1.797933310406514,1.9219067017776235,2.0442994908114125,2.16386216074842,2.2796615414396553,11.958473415357144
0.0,1.6789019596790793,1.8040880050138628,1.929387459176583,2.0532564463239766,2.174437490798712,2.291987683406727,11.751747657142857
0.0,1.6838858616622865,1.810246209569661,1.936876751380548,2.0622287347091524,2.1850369654263733,2.304349012734932,11.628031721428572
0.0,1.6888697636454948,1.8164079240739102,1.94437458325543,2.071216373455246,2.1956606259512643,2.3167456097377483,11.499136003214286
0.0,1.6988375676119105,1.8287418829277586,1.9593958854815772,2.0892377720332354,2.2169806702077537,2.3416449287082863,11.326436956785715
0.0,1.7088053715783262,1.8410898815754082,1.9744514047822987,2.1073207821637294,2.238397955069814,2.3666862855770656,11.740992365357142
0.0,1.7137892735615348,1.8472691458219088,1.9819920080003997,2.116385435387834,2.249143166528653,2.3792604304697176,11.915280342142857
0.0,1.718773175544742,1.8534519200168578,1.9895411800848704,2.1254655441119983,2.259912812794211,2.3918703278088222,12.06928556892857
0.0,1.7237570775279492,1.859638204160257,1.9970989259016216,2.1345611258943014,2.2707069355167144,2.4045160588729853,11.729960573214287
0.0,1.7287409795111575,1.8658279982521087,2.004665250316566,2.1436721983027924,2.2815255763936952,2.4171977050793205,11.8005660025
